term,phrase,meaninglanguage1,meaning1,meaninglanguage2,meaning2
rozhodnutí,...politických aktérů ovlivňovat politická rozhodnutí.,en,decision,,
čitelnou,...s premiérem skutečně máme čitelnou a dobře orientovanou zahraniční...,en,Appreciable,,
spolu,...republika má páteř a spolu s prezidentem a s...,en,together,,
páteř,...že Česká republika má páteř a spolu s prezidentem...,en,"backbone, spine",,
kladně,"...zahraničí je hodnocena dokonce kladně i kritiky Pirátů, že...",en,positively,,
dokonce,...ministra zahraničí je hodnocena dokonce kladně i kritiky Pirátů...,en,even,,
hodnocena,...pozici ministra zahraničí je hodnocena dokonce kladně i kritiky...,en,Evaluated,,
zmínit,"...myslím, že je důležité zmínit, že role Honzy Lipavského...",en,mention,,
pokládáme,"...jsou všechno věci, které pokládáme na stůl.",en,we consider,,
požadavek,"...státním zastupitelství, což byl požadavek občanské společnosti z Letné.",en,"requirement, demand, claim",,
boje,"...daří prosazovat priority od boje proti korupci, zákony typu...",en,fight,,
prosazovat,...se ve vládě daří prosazovat priority od boje proti...,en,support,,
počítá,"...to, co se nakonec počítá.",en,counts,,
pracovali,"...voliči chtěli, aby Piráti pracovali, tak v rámci našich...",en,worked,,
předsevzetí,Naše předsevzetí jsou už roky stejná.,en,resolution,,
důvěryhodní,...hodnoceni jako ti nejvíce důvěryhodní.,en,trustworthy,,
hodnoceni,I naši ministři jsou hodnoceni jako ti nejvíce důvěryhodní.,en,evaluated,,
mínění,"...podíváme na průzkumy veřejného mínění – jsme strana, která má...",en,"opinion, sentiment, view",,
průzkumy,Když se podíváme na průzkumy veřejného mínění – jsme strana...,en,"surveys, studies",,
podíváme,Když se podíváme na průzkumy veřejného mínění...,en,we see (look),,
vydají,"...ale já říkám, že vydají za 40.",en,publish,,
svěřené,"...že resorty, které máme svěřené i mimo ně, že...",en,entrusted,,
jednak,"Jednak si myslím, že resorty...",en,First,,
spolupráce,...vyplácí se vám ta spolupráce s dalšími čtyřmi stranami...,en,"cooperation, collaboration",,
veřejnosti,...si vás ale část veřejnosti právě díky tomu vlastně...,en,public,,
úlohu,...vládě nemají rozhodně dominantní úlohu.,en,role,,
rozhodně,...Piráti ve vládě nemají rozhodně dominantní úlohu.,en,definitely,,
nicméně,Nicméně Piráti ve vládě nemají...,en,However; nonetheless; nevertheless; still; though,,
předsednictvo,...členská základna a potom předsednictvo v rámci svého mandátu...,en,"presidium, board",,
základna,...směr vždy určuje členská základna a potom předsednictvo v...,en,base,,
určuje,...náš společný směr vždy určuje členská základna a potom...,en,determines,,
společný,"...strana demokratická, ten náš společný směr vždy určuje členská...",en,"common, joint, coilective",,
jednat,...že ta vláda bude jednat.,en,"take action, handle, deal with, negotiate, hold talks",,
předpokládali,"...má, tak jak občané předpokládali, že ta vláda bude...",en,expected,,
skutečně,...třeba v některých případech skutečně být i ti nejhlasitější...,en,really,,
případech,...daří třeba v některých případech skutečně být i ti...,en,cases [případ] (loc-pl),,
skupinu,"...Gregorová), který reprezentuje tu skupinu, která nesouhlasila se vstupem...",en,group,,
neusilovala,"...o tom, že by neusilovala o to, aby Piráti...",en,not attempt,,
porazila,...vás europoslankyně Markéta Gregorová porazila?,en,"beat, defeat",,
směřování,"Co by se ve směřování Pirátů změnilo, kdyby vás...",en,direction,,
klání,"...pravda, že do toho klání vstupuji s 12 krajskými...",en,contest,,
upřímně,"Odpovíte mi upřímně na to, jestli se...",en,sincerely,,
rivalka,Rivalka Gregorová,en,Rival,,
obhajujeme,"...a evropských volbách, kde obhajujeme nemalé posty.",en,we advocate,,
uspěli,"...abychom šli dál a uspěli,“ vysvětluje pro Radiožurnál.",en,succeeded,,
podívám,"...Pirátské strany, když se podívám na další kandidáty a...",en,I look,,
získat,"...se věnují politice, chtějí získat politickou moc.",en,Get/gain,,
podařily,"...dovednosti, které se mi podařily získat.",en,"managed, succeeded",,
dovednosti,"...vkládat čas a třeba dovednosti, které se mi podařily...",en,skills,,
společnost,"...která je těžká pro společnost, pro svět, pro lidi...",en,company / society / corporation /,,
vnímám,"Vnímám to tak, že si...",en,I feel,,
unaven,Necítím se nikterak unaven.,en,tired,,
nikterak,Necítím se nikterak unaven.,en,"by no means, in no way",,
bránu,Vy tento tah na bránu i po těch letech...,en,gate,,
vy,Vy tento tah na bránu...,en,You,,
samozřejmost,Nechápu to jako samozřejmost.,en,"certainty, self-evidence",,
podpoří,"...strany, tuto moji kandidaturu podpoří.",en,support,,
neboť,"...naši členové a členky, neboť volí všichni členové a...",en,"for, because, since",,
pokračování,"Já reprezentuji ten směr pokračování a věřím, že to...",en,"continuation, installment, episode, sequel",,
směr,"Já reprezentuji ten směr pokračování a věřím, že...",en,direction,,
rodičáku,...mají spoustu výsledků – od rodičáku přes digitalizaci a další.,en,parent,,
výsledků,...ve vládě mají spoustu výsledků – od rodičáku přes digitalizaci...,en,results,,
spoustu,...roky ve vládě mají spoustu výsledků – od rodičáku přes...,en,a lot,,
sněmovně,"...skrze poslance v Poslanecké sněmovně, skrze jejich počet, není...",en,house of Commons / lower house,,
odhodlání,I po letech mám odhodlání a tah na branku...,en,resolve,,
soutěži,...své účasti v pěvecké soutěži.,en,competition,,
mši,"...určitě mamince připravím zádušní mši, kam se její přátelé...",en,Mass,,
zádušní,"...ale určitě mamince připravím zádušní mši, kam se její...",en,requiem,,
připravím,"...šoku, ale určitě mamince připravím zádušní mši, kam se...",en,prepare,,
určitě,"...teď v šoku, ale určitě mamince připravím zádušní mši...",en,Certainly,,
vystupováním,"Burianová byla známá především vystupováním v divadle Semafor, v...",en,demeanor,,
známá,Burianová byla známá především vystupováním v divadle...,en,known,,
deník,"O skonu Burianové informuje deník Blesk, kterému to potvrdila...",en,Daily,,
skonu,O skonu Burianové informuje deník Blesk...,en,death,,
nemocnice,...ve filmech či seriálu Nemocnice na kraji města.,en,hospital,,
zahrála,"...Grossmana účinkovala v Semaforu, zahrála si ve filmech či...",en,played,,
účinkovala,"...éře Šimka a Grossmana účinkovala v Semaforu, zahrála si...",en,acted,,
éře,,,,,
slavném,...zpěvačka a vdova po slavném režisérovi Jánu Roháčovi.,en,famous,,
herečka,"Herečka, zpěvačka a vdova po...",en,actress,,
skladnice,...zpěvačka ze Semaforu i skladnice z Vesničky,en,warehouse,,
jenom,"Teďka zatím jsem dělal jenom to, že jsem to...",en,only,,
zena,"...prosím, tamhle je moje zena, hned Vám ji představím.",en,"woman, wife",,
seznámení,"Seznámení, Dialog 1",en,familiarization,,
velvyslanectví,Pracuju na americkém velvyslanectví v Praze.,en,neut. embassy.,,
vystupovali,"Když opatrně vystupovali z Vlaštovky, hlavou jim...",en,performed,,
opatrně,"Když opatrně vystupovali z Vlaštovky, hlavou...",en,carefully,,
rýsovaly,...na jejímž obzoru se rýsovaly podivné stavby.,en,loomed,,
podivné,...jejímž obzoru se rýsovaly podivné stavby.,en,Strange,,
jejímž,"...na rozsáhlou planinu, na jejímž obzoru se rýsovaly podivné...",en,which,,
planinu,"...ale dosedli na rozsáhlou planinu, na jejímž obzoru se...",en,plain,,
rozsáhlou,"...měl, ale dosedli na rozsáhlou planinu, na jejímž obzoru...",en,"extensive, extended",,
dosedli,"...loď navést měl, ale dosedli na rozsáhlou planinu, na...",en,have reached,,
navést,"...přistávací plochu, kam loď navést měl, ale dosedli na...",en,to guide,,
plochu,"...je nenavedl na přistávací plochu, kam loď navést měl...",en,"surface, space, site",,
přistávací,"Počítač je nenavedl na přistávací plochu, kam loď navést...",en,landing,,
nenavedl,"Počítač je nenavedl na přistávací plochu, kam...",en,he did not,,
zabránit,...nedostatku paliva stejně nemohli zabránit.,en,"preempt, prevent, avert",,
zachovali,"...uvědomili tuto zdrcující skutečnost, zachovali si chladnou hlavu a...",en,preserved,,
skutečnost,"...plně uvědomili tuto zdrcující skutečnost, zachovali si chladnou hlavu...",en,"fact, reality, indeed",,
zdrcující,"...si plně uvědomili tuto zdrcující skutečnost, zachovali si chladnou...",en,overwhelming,,
výpravy,...znali před uskutečněním této výpravy.,en,"expedition, trek",,
uskutečněním,...jakou ji znali před uskutečněním této výpravy.,en,implementation,,
zjistili,"...ke svému obrovskému úžasu zjistili, že Země vypadá jinak...",en,found,,
úžasu,"...planety, ke svému obrovskému úžasu zjistili, že Země vypadá...",en,amazement,,
obrovskému,"...modré planety, ke svému obrovskému úžasu zjistili, že Země...",en,enormous,,
ke,…použít jako užitkové dřevo ke zpracování- stejně tak jako…,en,"to, towards, at about, up to,, for",,
však,Když však byli dostatečně blízko modré...,en,"but, nevertheless, still",,
vysvětlení,"...nejvyšší nutnosti, čekali na vysvětlení, které jim podají lidé...",en,"explanation, clarification",,
nutnosti,"...jen v případě nejvyšší nutnosti, čekali na vysvětlení, které...",en,"necessity, need",,
případě,...vyhlášení válečného stavu v případě napadení nebo plnění mezinárodních...,en,case,,
zasáhnout,...oni do něj mohli zasáhnout jen v případě nejvyšší...,en,"intervene, meddle, interfere, take action",,
řízeno,"...že přistání bylo přesně řízeno palubním počítačem, a oni...",en,controlled,,
přesně,"...tomu, že přistání bylo přesně řízeno palubním počítačem, a...",en,exactly,,
přistání,"...vzhledem k tomu, že přistání bylo přesně řízeno palubním...",en,"landing, touch-down",,
vzhledem,"Ale vzhledem k tomu, že přistání...",en,in view of,,
doprovodnou,"...překvapilo, že nikde nevidí doprovodnou loď, která s nimi...",en,accompanying,,
nevidí,"...velmi překvapilo, že nikde nevidí doprovodnou loď, která s...",en,not see,,
nikde,"...je velmi překvapilo, že nikde nevidí doprovodnou loď, která...",en,nowhere,,
překvapilo,"...a proto je velmi překvapilo, že nikde nevidí doprovodnou...",en,surprised,,
poprvé,"...co do časové díry poprvé vletěli, a proto je...",en,first,,
poté,"...objeví jen několik hodin poté, co do časové díry...",en,thereafter,,
objeví,"...si uvědomovali, že se objeví jen několik hodin poté...",en,"discover, appear",,
uvědomovali,"Všichni si uvědomovali, že se objeví jen...",en,"realized, were aware",,
spánku,...opět procitá z hibernačního spánku.,en,"sleep, slumber",,
procitá,...a její posádka opět procitá z hibernačního spánku.,en,awakens,,
posádka,...nedaleko Země a její posádka opět procitá z hibernačního...,en,crew,,
objevuje,A nyní se znovu objevuje na stejném místě nedaleko...,en,appears; emerges,,
neviditelné,"...doby, kdy se vnořila do neviditelné časové díry.",en,invisible,,
vnořila,"...let od doby, kdy se vnořila do neviditelné časové...",en,she embraced,,
lodi,Na lodi Vlaštovka uběhlo 136 let...,en,"ship, boat",,
současnosti,Část třetí - Návrat do současnosti,en,"the present day, today",,
část,Část třetí - Návrat do současnosti,en,part,,
předložil,…ve kterém staronový prezident předložil kandidaturu Dmitrije Medvěděva zpět…,en,to present; to submit; to put forward.,,
ovládá,"jaderný kufřík, kterým ovládá ruský strategický jaderný arzenál.",en,controls,,
kufřík,"jaderný kufřík, kterým ovládá ruský strategický…",en,briefcase,,
tzv,…na území Kremlu převzal tzv.,en,so-called,,
převzal,…zařízení na území Kremlu převzal tzv.,en,"accepted delivery, took charge of, recevied",,
zařízení,…inauguraci ve zvláštním uzavřeném zařízení na území Kremlu převzal…,en,"devices, apparatus, equipment",,
zvláštním,Putin po inauguraci ve zvláštním uzavřeném zařízení na území…,en,special,,
úřadů,Podle úřadů opozice provokovala k pouličním…,en,"office, authorities",,
podle,"…v Západní Virginii zvítězil podle očekávání a s59,4% hlasů…",en,"according to, as per",,
stovky,Stovky účastníků a organizátoři byli…,en,hundred,,
označili,Zástupci opozice na ní označili Putina za uzurpátora moci.,en,"marked, denoted",,
zástupci,Zástupci opozice na ní označili…,en,representatives,,
poklidné,Zakročila také proti poklidné opoziční demonstraci.,en,peaceful,,
zakročila,Zakročila také proti poklidné opoziční…,en,Intervened,,
opatření,…posílila v Moskvě bezpečnostní opatření.,en,measures,,
předvídatelného,"…nadějného, otevřeného, čestného a předvídatelného partnera.“",en,predictable,,
naplnění,…svobodu a prostor pro naplnění talentu a pro práci.,en,"filling, fullfillment",,
projevu,V inauguračním projevu řekl:„ Chceme a budeme…,en,speech,,
bránit,…že by se neměli bránit jejich vlastní přirozenosti.,en,"defend, protect, obstruct, hamper",,
mimo,"...souhlas s vysláním armády mimo území státu, jakož i...",en,outside,,
přísaze,Putin v přísaze na ústavu slíbil mimo…,en,oath,,
dva,Weber odděloval dva druhy moci:,en,two,,
přítomno,…v jeho předsálí bylo přítomno na dva tisíce hostů.,en,present,,
předsálí,…němž a v jeho předsálí bylo přítomno na dva…,en,foyer,,
němž,"…Andrejevském sále Kremlu, v němž a v jeho předsálí…",en,where,,
sále,"Inaugurace proběhla v Andrejevském sále Kremlu, v němž a…",en,"hall, room",,
slib,"…prezidentem, má za sebou slib",en,promise,,
vydala,...když ..jezdí na prázdniny…a vydala jsem se tam...,en,released,,
prázdniny,...prarodiči …nebo když ..jezdí na prázdniny…a vydala jsem...,en,"vacation, holidays",,
rámci,"...nebo…aby znaly jazyk v rámci rodiny, aby se...",en,"framework, scope [rámec] (loc)",,
budoucnu,"...republiku, protože se třeba v budoucnu budou vracet …a...",en,future,,
vracet,...se třeba v budoucnu budou vracet …a nebo…aby...,en,to return,,
návaznost,...Čechy…a chtějí mít nějakou návaznost na Českou republiku...,en,continuity,,
žijící,...hranic…kde se vlastně děti žijící v Londýně učí...,en,living,,
souvisí,"...jet a jak to souvisí s tím, co děláš...",en,is related,,
jaká,...tam dostala a vlastně…jaká byla motivace vůbec tam...,en,what kind of F,,
cos,"...půlroční…v Anglii…Maru, cos dělala v Anglii, jak...",en,Something (or other),,
zkušenost,"...za sebou poměrně dlouho zkušenost, půlroční…v Anglii…Maru...",en,experience,,
poměrně,"...Maruška má za sebou poměrně dlouho zkušenost, půlroční…v...",en,relatively,,
lákadel,...byla jedna z hlavních lákadel a pak taky… protože...,en,"lure , enticement , allure(ment) 
invitation 
attraction",,
setrvat,...by mě asi nebavilo setrvat jenom u jednoho nebo...,en,remain,,
tvořivost,...na tom baví ta tvořivost.,en,creativity,,
hudební,"...matematiky, výtvarné výchovy, tělocviku, hudební výchovy….prostě všechno…takže...",en,music,,
tělocviku,"...češtiny, matematiky, výtvarné výchovy, tělocviku, hudební výchovy….prostě všechno...",en,Gym,,
výchovy,"...od češtiny, matematiky, výtvarné výchovy, tělocviku, hudební výchovy….prostě...",en,Education,,
výtvarné,"...učíš od češtiny, matematiky, výtvarné výchovy, tělocviku, hudební výchovy...",en,art,,
šířce,...hodně pestrá…ve své šířce.,en,width,,
pestrá,...protože je taková hodně pestrá…ve své šířce.,en,Colorful,,
zrovna,Proč sis vybrala zrovna tuhle školu?,en,just; only; just now; at the moment; right now; exactly.,,
třídu,...až třetí…nebo čtvrtou…třídu?,en,class,,
předpokládám,"Předpokládám, že budeš učit první...",en,"I presume, I suppose",,
vystuduje,"A až to všechno vystuduje, tak bude paní učitelka...",en,will study,,
zdravím,"...den, tady je Petra, zdravím Vás dneska s Maruškou…",en,Greetings,,
stáhni,Stáhni si “Printable transcript + highlighted...,en,download,,
dozvíš,...zahraničí a víc se dozvíš od Marušky…,en,you learn,,
zahraničí,...které žijí dlouhodobě v zahraničí a víc se dozvíš...,en,foreign countries,,
dlouhodobě,"...pomáhá dětem, které žijí dlouhodobě v zahraničí a víc...",en,longterm,,
pracovala,...Anglii na stáži…kde pracovala v projektu Česká škola...,en,worked,,
stáži,...roku v Anglii na stáži…kde pracovala v projektu...,en,internship,,
strávila,...studentka pedagogické fakulty a strávila půl roku v Anglii...,en,"spent, consumed, digested, lived out",,
soudců,vyslovuje souhlas se jmenováním soudců Ústavního soudu (pouze Senát...,en,judges,,
jmenováním,vyslovuje souhlas se jmenováním soudců Ústavního soudu (pouze...,en,appointment,,
li,"...území České republiky (nerozhoduje-li zde vláda),",en,if,,
vláda,"...republiky (nerozhoduje-li zde vláda),",en,government,,
zde,"...České republiky (nerozhoduje-li zde vláda),",en,here,,
nerozhoduje,"...na území České republiky (nerozhoduje-li zde vláda),",en,not important,,
pobytem,"...státu, jakož i s pobytem cizích vojsk na území České republiky (nerozhoduje-li zde vláda),",en,residence,,
území,"...s vysláním armády mimo území státu, jakož i s...",en,territory,,
vysláním,vyslovuje souhlas s vysláním armády mimo území státu...,en,sending,,
obranných,"...účasti České republiky v obranných systémech NATO,",en,defense,,
závazků,...napadení nebo plnění mezinárodních závazků a rozhoduje o účasti...,en,liabilities,,
plnění,...v případě napadení nebo plnění mezinárodních závazků a rozhoduje...,en,"accomplishment, fulfilment, realization",,
pouze,"...důvěru či nedůvěru vládě (pouze Poslanecká sněmovna),",en,only; just; merely; simply; entirely,,
vyhlášení,rozhoduje o vyhlášení válečného stavu v případě...,en,declaration,,
stavu,rozhoduje o vyhlášení válečného stavu v případě napadení nebo...,en,state,,
válečného,rozhoduje o vyhlášení válečného stavu v případě napadení...,en,war,,
rozhoduje,rozhoduje o vyhlášení válečného stavu...,en,decisions / decides,,
vyšetřovací,"...veřejného zájmu může zřídit vyšetřovací komisi (pouze Poslanecká sněmovna),",en,"examining, investigative",,
zřídit,...věcí veřejného zájmu může zřídit vyšetřovací komisi (pouze Poslanecká...,en,establish,,
zájmu,pro vyšetření věcí veřejného zájmu může zřídit vyšetřovací komisi...,en,interest,,
veřejného,pro vyšetření věcí veřejného zájmu může zřídit vyšetřovací...,en,Public,,
věcí,pro vyšetření věcí veřejného zájmu může zřídit...,en,things,,
vyšetření,pro vyšetření věcí veřejného zájmu může...,en,"examination, investigation, inquiry",,
závěrečný,...rok a projednává státní závěrečný účet roku minulého (pouze...,en,"final, concluding, closing [závěrečný]",,
projednává,...na příští rok a projednává státní závěrečný účet roku...,en,discusses,,
rozpočet,schvaluje státní rozpočet na příští rok a...,en,"budget, cost estimate",,
schvaluje,schvaluje státní rozpočet na příští...,en,approves,,
nedůvěru,"vyslovuje důvěru či nedůvěru vládě (pouze Poslanecká sněmovna),",en,distrust,,
vyslovuje,vyslovuje důvěru či nedůvěru vládě...,en,pronounced,,
důvěru,vyslovuje důvěru či nedůvěru vládě (pouze...,en,"confidence, trust, faith",,
obou,"volí na společné schůzi obou komor prezidenta České republiky,",en,both,,
schůzi,volí na společné schůzi obou komor prezidenta České...,en,meeting,,
volí,volí na společné schůzi obou...,en,elects,,
smluv,"...souhlas k ratifikaci mezinárodních smluv,",en,contracts,,
mezinárodních,"vydává souhlas k ratifikaci mezinárodních smluv,",en,international,,
vydává,vydává souhlas k ratifikaci mezinárodních...,en,"issues, gives out",,
pořádek,"má právo měnit Ústavní pořádek České republiky,",en,order,,
ústavní,"má právo měnit Ústavní pořádek České republiky,",en,constitutional,,
vznikl,Parlament České republiky vznikl k 1. lednu 1993 z...,en,"arose, was established, came into being",,
obmění,"...systémem, každé dva roky se obmění třetina senátorů.",en,will change,,
většinovým,"...senátorů volených na šest let většinovým systémem, každé dva...",en,majority,,
čítá,Senát čítá 81 senátorů volených na...,en,counts,,
poměrným,...poslanci volených na čtyři roky poměrným systémem.,en,proportional,,
poslanci,Poslanecká sněmovna je tvořena 200 poslanci volených na čtyři...,en,Members of,,
sněmovna,Poslanecká sněmovna je tvořena 200 poslanci...,en,house,,
poslanecká,Poslanecká sněmovna je tvořena 200...,en,Chamber,,
horní,...dolní komora) a Senátem (horní komora).,en,upper,,
komora,...tvořen Poslaneckou sněmovnou (dolní komora) a Senátem (horní komora).,en,chamber,,
dolní,Je tvořen Poslaneckou sněmovnou (dolní komora) a Senátem (horní...,en,"bottom, lower",,
sněmovnou,Je tvořen Poslaneckou sněmovnou (dolní komora) a Senátem...,en,"chamber, house",,
tvořen,Je tvořen Poslaneckou sněmovnou (dolní komora...,en,formed,,
poslaneckou,Je tvořen Poslaneckou sněmovnou (dolní komora) a...,en,Chamber,,
sbor,...republiky je dvoukomorový zákonodárný sbor České republiky.,en,"committee, group",,
dvoukomorový,Parlament České republiky je dvoukomorový zákonodárný sbor České republiky.,en,bicameral,,
republiky,Parlament České republiky,en,Republic,,
české,Parlament České republiky je dvoukomorový zákonodárný...,en,Czech,,
parlament,Parlament České republiky je dvoukomorový...,en,parliament,,
prestiží,...politiky je pro ně prestiží.,en,prestige,,
jednotlivými,"...o sobě, její získání jednotlivými politiky je pro ně...",en,individual,,
podstaty,...která vychází ze své podstaty a je kategorií sama...,en,nature,,
vychází,"moc, která vychází ze své podstaty a...",en,"come out, base something on, turn out",,
nástroj,"moc, která slouží jako nástroj jiných cílů (ideálních či...",en,tool,,
odděloval,Weber odděloval dva druhy moci:,en,separated,,
mocenský,...politika násilí a jeho „mocenský instinkt“.,en,power,,
násilí,...moci je pro politika násilí a jeho „mocenský instinkt“.,en,violence,,
prostředkem,"...myšlenku doplnil, že rozhodujícím prostředkem k získání moci je...",en,means,,
rozhodujícím,"...jeho myšlenku doplnil, že rozhodujícím prostředkem k získání moci...",en,decisive,,
myšlenku,"...a Max Weber jeho myšlenku doplnil, že rozhodujícím prostředkem...",en,idea,,
povedou,"...všech známých prostředků, které povedou k tomuto cíli a...",en,lead,,
prostředků,"...s použitím všech známých prostředků, které povedou k tomuto...",en,"resources, means",,
vládce,...se z občana zrodil vládce.,en,"ruler, monarch",,
občana,"...tomu, aby se z občana zrodil vládce.",en,citizen,,
podmínka,"To je dostačující podmínka k tomu, aby se...",en,condition,,
dostačující,"To je dostačující podmínka k tomu, aby...",en,sufficient,,
udržením,...je představován nabitím a udržením moci.,en,maintaining,,
nabitím,"...virtú), který je představován nabitím a udržením moci.",en,charging,,
představován,"...cíl (virtú), který je představován nabitím a udržením moci.",en,presented,,
virtú,"...všechny síly na cíl (virtú), který je představován nabitím...",en,virtue,,
vynaložit,...uchopení moci je nutné vynaložit všechny síly na cíl...,en,"expend, spend",,
nutné,Pro uchopení moci je nutné vynaložit všechny síly na...,en,"necessary, essential",,
uchopení,Pro uchopení moci je nutné vynaložit...,en,grip,,
okolností,...konání závislá na přízni okolností (fortuna) a druhá polovina...,en,circumstances,,
přízni,...našeho konání závislá na přízni okolností (fortuna) a druhá...,en,favor,,
konání,...slov je polovina našeho konání závislá na přízni okolností...,en,holding,,
politického,...moc za hlavní atribut politického života.,en,political,,
považoval,Již Niccolo Machiavelli považoval moc za hlavní atribut...,en,"considered, regarded",,
řád,"...jsou stát, hierarchie, autorita, řád, konflikt aj",en,order,,
vedle,"...ze základních kategorií politiky, vedle dalších jako jsou stát...",en,beside,,
základních,"...je tedy jednou ze základních kategorií politiky, vedle dalších...",en,basic,,
věnují,"...že jedinci, kteří se věnují politice, chtějí získat politickou...",en,devote themselves,,
jedinci,"...Max Weber uváděl, že jedinci, kteří se věnují politice...",en,individuals,,
uváděl,"Německý sociolog Max Weber uváděl, že jedinci, kteří se...",en,featured,,
sociolog,"Německý sociolog Max Weber uváděl, že...",en,Sociologist,,
charakteristika,Obecná charakteristika:,en,characteristic,,
obecná,Obecná charakteristika:,en,general,,
určité,...řízení společenských vztahů uvnitř určité státní společnosti.,en,definite,,
vztahů,...organizace a řízení společenských vztahů uvnitř určité státní společnosti.,en,"relationships , relations",,
společenských,...prostředek organizace a řízení společenských vztahů uvnitř určité státní...,en,"social, societal",,
prostředek,...a která slouží jako prostředek organizace a řízení společenských...,en,"means, middle",,
vykonává,"...je moc státní, kterou vykonává stát a která slouží...",en,performs,,
státní,"...politické moci je moc státní, kterou vykonává stát a...",en,public,,
získání,Existuje řada cest k získání politické moci.,en,obtaining,,
cest,Existuje řada cest k získání politické moci.,en,"roads, ways",,
řada,Existuje řada cest k získání politické...,en,series,,
ovlivňovat,...či schopnost politických aktérů ovlivňovat politická rozhodnutí.,en,"influence, affect",,
schopnost,...a správu společnosti či schopnost politických aktérů ovlivňovat politická...,en,"ability, capability, power",,
společnosti,...umožňuje řízení a správu společnosti či schopnost politických aktérů...,en,"society, company",,
správu,...která umožňuje řízení a správu společnosti či schopnost politických...,en,management,,
řízení,...či skupinou která umožňuje řízení a správu společnosti či...,en,management,,
umožňuje,...jedincem či skupinou která umožňuje řízení a správu společnosti...,en,"enables, permits",,
skupinou,...moc držená jedincem či skupinou která umožňuje řízení a...,en,group,,
či,...je moc držená jedincem či skupinou která umožňuje řízení...,en,or,,
jedincem,...imperium) je moc držená jedincem či skupinou která umožňuje...,en,individual,,
držená,...latinsky imperium) je moc držená jedincem či skupinou která...,en,held,,
pojem,"Pojem ""Politická moc""",en,concept,,
golosu,"Mluvčí Golosu Grigorij Melkonjanc řekl, že…",en,Golos,,
vypršet,…jeho současný mandát měl vypršet až v roce2024.,en,expire,,
nevzdal,…po tuto dobu fakticky nevzdal své moci.,en,"did not give up, surrender",,
řadě,"…znemožnila kandidovat potřetí v řadě, a tak se stal…",en,"many, arrange, rank, rage, rules",,
ústava,Ústava mu znemožnila kandidovat potřetí…,en,Constitution,,
zvolen,"…po odchodu Borise Jelcina, zvolen byl v roce 2000…",en,elected,,
úkolem,"…něj je teď hlavním úkolem změnit volební systém tak,…",en,task; mission; job chore; assignment,,
něj,Podle něj je teď hlavním úkolem…,en,him,,
vůli,…že volby odrážejí skutečnou vůli Rusů.,en,will,,
skutečnou,"…nevěří, že volby odrážejí skutečnou vůli Rusů.",en,real,,
odrážejí,"…že nevěří, že volby odrážejí skutečnou vůli Rusů.",en,"deflect, reflect",,
volili,"…nátlak na dělníky, aby volili Putina.",en,"they elected, chose, opted [volit] (imp)",,
dělníky,"…a vyvolávali nátlak na dělníky, aby volili Putina.",en,workers,,
nátlak,"…svých podnicích a vyvolávali nátlak na dělníky, aby volili…",en,pressure,,
vyvolávali,"…ve svých podnicích a vyvolávali nátlak na dělníky, aby…",en,called out,,
podnicích,…volební místnosti ve svých podnicích a vyvolávali nátlak na…,en,enterprises,,
nechali,…že prokremelsky orientovaní podnikatelé nechali otevřít volební místnosti ve…,en,"let, allow, abandon",,
podnikatelé,"…tvrdí, že prokremelsky orientovaní podnikatelé nechali otevřít volební místnosti…",en,entrepreneurs,,
seznamy,"…stěžují na zmanipulované volební seznamy a tvrdí, že prokremelsky…",en,lists,,
odsoudil,"Komunista Zjuganov odsoudil volby jako„ nelegitimní, nespravedlivé…",en,condemned,,
pádu,"…za to, že„ zabránili pádu( Ruska) do rukou nepřátel,…",en,"fall, tumble, downfall, grammatical case",,
zabránili,"…jim za to, že„ zabránili pádu( Ruska) do rukou…",en,avoid,,
příznivců,…očích pozdravil desítky tisíc příznivců poblíž Kremlu a poděkoval…,en,"supporters, fans, sympathisers",,
souboji,…v„ otevřeném a poctivém souboji“.,en,fight,,
poctivém,…vyhrál v„ otevřeném a poctivém souboji“.,en,honest,,
otevřeném,"…vyhlásil, že vyhrál v„ otevřeném a poctivém souboji“.",en,open,,
vyhlásil,"Putin ale vyhlásil, že vyhrál v„ otevřeném…",en,declared,,
prosincových,…stejně vysoký jako při prosincových parlamentních volbách.,en,December,,
podvodů,"Řekl, že objem podvodů byl stejně vysoký jako…",en,frauds,,
mluvčí,"Mluvčí Golosu Grigorij Melkonjanc řekl,…",en,"spokesman, speaker",,
opakovaně,"…k druhé, aby hlasovali opakovaně.",en,repeatedly,,
převáženi,…kterém jsou voliči autobusy převáženi od jedné volební místnosti…,en,transported,,
voliči,"…hlasování“, při kterém jsou voliči autobusy převáženi od jedné…",en,electorate,,
včetně,"…3000 zpráv o nesrovnalostech, včetně„ kolotočového hlasování“, při kterém…",en,including,,
kolotočového,"…zpráv o nesrovnalostech, včetně„ kolotočového hlasování“, při kterém jsou…",en,carousel,,
nesrovnalostech,"…než 3000 zpráv o nesrovnalostech, včetně„ kolotočového hlasování“, při…",en,irregularities,,
hlásí,Nezávislá agentura Golos hlásí více než 3000 zpráv…,en,reports,,
nezávislá,Nezávislá agentura Golos hlásí více…,en,independent,,
podvod,…opozice označili volby za podvod.,en,"fraud, deception",,
vůdci,Vůdci opozice označili volby za…,en,Leading / leaders,,
pouhými,…zaostal daleko vzadu s pouhými 17 procenty.,en,only,,
procenty,…vzadu s pouhými 17 procenty.,en,percent,,
zaostal,…předseda komunistů Gennadij Zjuganov zaostal daleko vzadu s pouhými…,en,lagged,,
soupeř,"Jeho nejbližší soupeř, předseda komunistů Gennadij Zjuganov…",en,rival,,
předseda,"Jeho nejbližší soupeř, předseda komunistů Gennadij Zjuganov zaostal…",en,chairman,,
ziskem,…vítězem prezidentských voleb se ziskem 64 procent hlasů.,en,"gain, return",,
voleb,…Putina jasným vítězem prezidentských voleb se ziskem 64 procent…,en,election,,
vítězem,…vyhlásila Vladimira Putina jasným vítězem prezidentských voleb se ziskem…,en,"winner, victor",,
vyhlásila,…hlasů ruská volební komise vyhlásila Vladimira Putina jasným vítězem…,en,announced,,
sečtení,Po sečtení téměř všech hlasů ruská…,en,counting,,
pondělí,Pondělí5. března 2012,en,Monday,,
volby,"…do Kremlu, vyhrál prezidentské volby",en,election,,
podporu,...budeme rádi za finanční podporu.,en,support,,
žoldnéře,…strana považuje odsouzené za žoldnéře.,en,mercenaries,,
odsouzené,Libyjská strana považuje odsouzené za žoldnéře.,en,sentenced,,
považuje,Libyjská strana považuje odsouzené za žoldnéře.,en,"considers, regards",,
strana,Libyjská strana považuje odsouzené za žoldnéře.,en,page / side / party,,
povstalce,"…Severoatlantické aliance, které podporovaly povstalce proti Kaddáfímu.",en,insurgent,,
podporovaly,"…letounům Severoatlantické aliance, které podporovaly povstalce proti Kaddáfímu.",en,support,,
letounům,"…zbraně byly používány proti letounům Severoatlantické aliance, které podporovaly…",en,airplanes,,
opatrované,Jimi opatrované protiletadlové zbraně byly používány…,en,cherished,,
občanské,…zajali v Tripolisu během občanské války v Libyii.,en,Civil,,
zajali,"…srpna, kdy je povstalci zajali v Tripolisu během občanské…",en,captured,,
zajetí,"Muži byli v zajetí od minulého srpna, kdy…",en,captivity,,
odvolají,…se muži proti rozsudku odvolají.,en,invoke,,
rozsudku,…vyslanců se muži proti rozsudku odvolají.,en,judgment,,
vyslanců,Podle vyslanců se muži proti rozsudku…,en,ambassadors,,
zbraněmi,…pro Kaddáfího donuceni hrozbou zbraněmi.,en,weapons,,
hrozbou,…práci pro Kaddáfího donuceni hrozbou zbraněmi.,en,"threat, menace",,
svědčí,"…a popsal důkazy, které svědčí o tom, že odsouzení…",en,suggest,,
důkazy,"…odsouzení pocházejí, a popsal důkazy, které svědčí o tom,…",en,"proof, evidence, testimony",,
popsal,"…nichž odsouzení pocházejí, a popsal důkazy, které svědčí o…",en,"described, covered with writing",,
pocházejí,"…států, z nichž odsouzení pocházejí, a popsal důkazy, které…",en,"they came, originated [pocházet] (imp)",,
odsouzení,"…právu států, z nichž odsouzení pocházejí, a popsal důkazy,…",en,condemnation,,
nichž,"…neodpovídá právu států, z nichž odsouzení pocházejí, a popsal…",en,"which, where",,
rozsudek,"…Mykola Nahornyj prohlásil, že rozsudek neodpovídá právu států, z…",en,"verdict, judgement",,
prohlásil,"Ukrajinský vyslanec Mykola Nahornyj prohlásil, že rozsudek neodpovídá právu…",en,"declared, proclaimed",,
ukrajinský,"Ukrajinský vyslanec Mykola Nahornyj prohlásil,…",en,Ukrainian,,
vyslanec,"Ukrajinský vyslanec Mykola Nahornyj prohlásil, že…",en,envoy,,
údiv,"…soudu, vyjádřil nad rozsudkem údiv.",en,"wonder, astonishment",,
rozsudkem,"…jednání soudu, vyjádřil nad rozsudkem údiv.",en,judgment,,
vyjádřil,"…byl přítomný jednání soudu, vyjádřil nad rozsudkem údiv.",en,expressed,,
jednání,"…Stěpus, který byl přítomný jednání soudu, vyjádřil nad rozsudkem…",en,meeting,,
přítomný,"…Alexejevič Stěpus, který byl přítomný jednání soudu, vyjádřil nad…",en,present,,
velvyslanec,"Běloruský velvyslanec Anatolij Alexejevič Stěpus, který…",en,ambassador,,
nucených,…všichni po deseti letech nucených prací.,en,forced,,
devatenáct,"Druhý Rus, devatenáct Ukrajinců a tři Bělorusové…",en,nineteen,,
velitele,…byl považován za jejich velitele.,en,commander,,
považován,"…dostal Rus, který byl považován za jejich velitele.",en,"considered, regarded",,
trest,"Nejpřísnější trest doživotního vězení dostal Rus,…",en,punishment,,
doživotního,"Nejpřísnější trest doživotního vězení dostal Rus, který…",en,a life,,
nejpřísnější,Nejpřísnější trest doživotního vězení dostal…,en,the strictest,,
donuceni,…na vojenském materiálu byli donuceni.,en,forced to,,
ropnými,"…tom, že byli původně ropnými pracovníky a k práci…",en,oil,,
střelách,…měli prací na protiletadlových střelách.,en,missiles,,
původně,"…na tom, že byli původně ropnými pracovníky a k…",en,originally,,
postavena,"Jejich obhajoba byla postavena na tom, že byli…",en,built,,
obhajoba,"Jejich obhajoba byla postavena na tom,…",en,defense,,
vedenému,…arabské lidové socialistické džamáhíríje vedenému Muammarem Kaddáfím.,en,led by,,
poskytli,"…vězení za pomoc, kterou poskytli režimu Velké libyjské arabské…",en,provided,,
převážně,"…soud poslal 24 cizinců, převážně Ukrajinců, do vězení za…",en,"predominantly, mostly, mainly, largely",,
června,Středa6. června 2012,en,June,,
provoz,...příspěvek na Patreonu financuje provoz webu slowczech a provoz...,en,operation,,
příspěvek,Tvůj příspěvek na Patreonu financuje provoz...,en,contribution,,
samozřejmě,...FB a Instagramu a samozřejmě na našich stránkách!,en,of course,,
štěstí,Přeju Ti hodně štěstí.,en,"happiness  felicity  joy  (good) luck , (good) fortune  good luck / fortune  fluke",,
přeju,Přeju Ti hodně štěstí.,en,I wish [přat] (imp),,
říkám,"A kdyžtak říkám, co ty karty umí...",en,I say,,
skrze,"...přesto, že naše pozice skrze poslance v Poslanecké sněmovně...",en,through,,
přesto,"Myslím si, že i přesto, že naše pozice skrze...",en,"yet, still, nevertheless",,
článek,Číst článek,en,article,,
celostátní,...městská nebo i ta celostátní.,en,nationwide,,
ať,"...straně dodávat ty výsledky, ať už je to evropská...",en,"let, so that, no matter how",,
výsledky,"...Pirátské straně dodávat ty výsledky, ať už je to...",en,results,,
dodávat,"...se daří Pirátské straně dodávat ty výsledky, ať už...",en,deliver,,
daří,...a jestli vlastně se daří Pirátské straně dodávat ty...,en,Doing,,
délce,"...to není tak o délce, ale o tom, jestli...",en,length,,
přesvědčit,"...konkrétně chcete své kolegy přesvědčit, aby hlasovali právě pro...",en,convince,,
kopírovat,,,,,
sdílet,Sdílet na Facebooku,en,share,,
vysvětluje,"...šli dál a uspěli,“ vysvětluje pro Radiožurnál.",en,explains,,
popisuje,"...příliš od té doby nezměnila,“ popisuje Bartoš.",en,Describes,,
vstupoval,Když jsem vstupoval do Pirátů před 14...,en,entered into,,
vyzyvatelkou,Jeho vyzyvatelkou je europoslankyně Markéta Gregorová.,en,challenger,,
rozvoj,...obhajuje ministr pro místní rozvoj a vicepremiér pro digitalizaci...,en,"development, progress",,
obhajuje,Pozici předsedy strany obhajuje ministr pro místní rozvoj...,en,advocates,,
vedení,...fóru vybírají své nové vedení na další dva roky.,en,leadership,,
předsedy,...říká Bartoš před volbou předsedy Pirátů,en,Chairman,,
tah na branku,"...letech mám odhodlání a tah na branku, říká Bartoš před...",en,the move on the goal,,
branku,"...odhodlání a tah na branku, říká Bartoš před volbou...",en,"goal, gate",,
atribut,...považoval moc za hlavní atribut politického života.,en,attribute,,
bála,"...vrátila, tak jsem se bála, že když s francouzštinou...",en,afraid,,
obzvlášť,"...cizích jazyků je to obzvlášť francouzština, kterou jsem studovala...",en,"especially, particularly",,
zejména,"...nových kultur a jazyky, zejména tedy můj rodný jazyk...",en,"particularly, especially, above all",,
odjakživa,"...já se jmenuju Iva, odjakživa mám ráda cestování, poznávání...",en,"always, since ever",,
projektem,...rozhodla s celým tímto projektem začít.,en,project,,
tímto,...vůbec rozhodla s celým tímto projektem začít.,en,hereby,en,this
celým,...se vůbec rozhodla s celým tímto projektem začít.,en,The whole,,
rozhodla,...proč jsem se vůbec rozhodla s celým tímto projektem...,en,decided [rozhodnout] (per),,
teda,Na začátek teda pár slov o mně...,en,therefore,,
zdokonalení,...k lepšímu porozumění a zdokonalení jazyka.,en,improvement,,
porozumění,...je pomoci k lepšímu porozumění a zdokonalení jazyka.,en,understanding,,
určeny,"...jsou podcasty, které jsou určeny pro lidi, kteří se...",en,determined,,
dílu,...v rámci tohoto prvního dílu bych ráda řekla něco...,en,Part,,
občany,"...který takto zbídačuje své občany, skončil.",en,citizens,,
zbídačuje,"...aby režim, který takto zbídačuje své občany, skončil.",en,impoverish,,
režim,"...udělat všechno proto, aby režim, který takto zbídačuje své...",en,"regime, mode",,
udělat,"Věděl jsem, že chci udělat všechno proto, aby režim...",en,do,,
tekoucí,...byli bez přístupu k tekoucí vodě a elektřině.,en,"flowing, running",,
přístupu,"...dolarů měsíčně, byli bez přístupu k tekoucí vodě a...",en,"approach, access",,
příjem,"...s lidmi, kteří měli příjem patnáct dolarů měsíčně, byli...",en,income,,
nelituji,"Ničeho nelituji, říkal, pracoval jsem mnoho...",en,I do not regret,,
oko,...přišel při protestech o oko.,en,Eye,,
jednou,...druh moci je tedy jednou ze základních kategorií politiky...,en,once,,
uvedla,"...na egyptskou revoluci, když uvedla:",en,stated,,
odkazovala,V projevu odkazovala právě na egyptskou revoluci...,en,referred,,
odborářské,...vyzvala v sobotu na odborářské demonstraci socioložka Tereza Stöckelová.,en,union,,
současné,K zesílení protestů proti současné české vládě a jejím...,en,"present, current, contemporary; at the same time",,
zesílení,K zesílení protestů proti současné české...,en,reinforcement,,
orlojem,...a v sobotu před orlojem na Staroměstském náměstí.,en,astronomical clock,,
proběhly,V Praze proběhly již dvě solidární demonstrace...,en,took place,,
vzpoura,Arabská vzpoura se šíří do Španělska...,en,Insurgency,,
šíří,Arabská vzpoura se šíří do Španělska část 2,en,spread,,
bychom,Ale to bychom zde byli až do...,en,we would,,
dopravní,"...nadávání například výkony sportovců, dopravní situace a jiné.",en,"transportation, traffic",,
výkony,"...témat k nadávání například výkony sportovců, dopravní situace a...",en,"performances, outputs, results",,
horku,...všem zase stýská po horku nebo zimě.,en,heat,,
stýská,...tak se všem zase stýská po horku nebo zimě.,en,miss,,
klidné,"...je počasí mírné a klidné, tak se všem zase...",en,"calm, serene, tranquil",,
mírné,"A když je počasí mírné a klidné, tak se...",en,"mild, moderate",,
počasí,...tématem pro nadávání je počasí.,en,weather,,
vytuneloval,...kdo co zase něco vytuneloval atd.,en,financial fraud,,
scházejí,"...hospoda, kde se muži scházejí po práci a debatují...",en,"miss, lacking, fall short",,
hospoda,"...místem pro nadávání je hospoda, kde se muži scházejí...",en,pub,,
natož,"...politická situace je uspokojivá, natož dobrá.",en,let alone,,
uspokojivá,"...naše politická situace je uspokojivá, natož dobrá.",en,satisfactory,,
dosud,"Dosud jsem nepotkal nikoho, kdo...",en,"as yet, so far, to date, up to now, thus far",,
nadává,"...na co se nejvíce nadává, je politika.",en,"scold, berate, swear",,
smysluplného,"...místo nadávání dělají něco smysluplného, ale těch moc není.",en,meaningful,,
nadávají,Češi velice rádi nadávají.,en,"[they] scould, berate, swear [nedávat] (imp)",,
velice,Češi velice rádi nadávají.,en,very,,
nadávání,,en,"swearing, complaining",,
probudím,,,,,
vrazi,"...Hra peněz 65 %, Milenci a vrazi 50 %, Rychle a...",en,murderers,,
příst,"...písně Jako kotě si příst, kterou zpívá Jiří Grossmann.",en,purr,,
ukončila,...působení až na výjimky ukončila.,en,ended,,
výjimky,...herecké působení až na výjimky ukončila.,en,exceptions,,
působení,...Švýcarska a své herecké působení až na výjimky ukončila.,en,"effect, influence",,
herecké,...do Švýcarska a své herecké působení až na výjimky...,en,Performing,,
postavami,Známější se stala postavami zdravotní sestry Zuzany v...,en,Characters,,
populárních,"...pocházejí její nahrávky dobově populárních písní Ano, pane Jiří...",en,popular,,
dobově,"...let pocházejí její nahrávky dobově populárních písní Ano, pane...",en,historically,,
nahrávky,...a 70. let pocházejí její nahrávky dobově populárních písní Ano...,en,recordings,,
přelomu,Ze Semaforu z přelomu 60. a 70. let pocházejí její...,en,"turning point, watershed",,
dvojicí,Vystupovala také s komickou dvojicí Jiří Grossmann a Miloslav...,en,pair,,
vystupovala,Vystupovala také s komickou dvojicí...,en,"get off, appear, perform",,
půdy,...klarinetů nebo Člověk z půdy.,en,Soil,,
vyučená,Do Semaforu se vyučená elektromechanička Burianová dostala díky...,en,Trained,,
zesnulý,...a manželem Burianové byl zesnulý režisér Ján Roháč.,en,Deceased,,
rozloučit,"...přátelé budou moci přijít rozloučit,“ cituje Blesk Kergalovou.",en,goodbye,,
středisková,...nebo filmu Vesničko má středisková.,en,center,,
filmu,...na kraji města nebo filmu Vesničko má středisková.,en,Movie,,
objevila,...v menších rolích se objevila třeba v televizním seriálu...,en,appeared,,
kdyžtak,"A kdyžtak říkám, co ty karty...",en,if so,,
rozbalování,To bude asi o rozbalování.,en,unpacking,,
natáčím,"Natáčím to celé sám, aji...",en,filming,,
palce,...tak to Ti držím palce.,en,"thumb, inch",,
držím,"...jo, tak to Ti držím palce.",en,hold,,
stříhám,"...sám, aji to celé stříhám sám...ehm…ty jo...",en,I cut,,
aji,"Natáčím to celé sám, aji to celé stříhám sám...",en,yes,,
natáčíš,Natáčíš sám nebo Ti někdo...,en,You're filming,,
povede,...snad se mi to povede.,en,"be a success, lead, do, tell about",,
snad,"Snad jo, snad se mi...",en,perhaps,,
peníze,...na jedno velké šetřím…peníze.,en,money,,
velké,Už si na jedno velké šetřím…peníze.,en,large,,
jedno,Už si na jedno velké šetřím…peníze.,en,a,,
šetřím,...si na jedno velké šetřím…peníze.,en,I save,,
kam,"...možná ještě jeden kanál, kam budu natáčet pokémony…aha...",en,Where [to],,
týče,...další plány…co se týče tady youtube videí?,en,"as concerns, as refers to",,
průměr,Takovej průměr.,en,"average, diameter",,
takovej,Takovej průměr.,en,sort of,,
dohromady,...pak třeba jenom čtyři minuty dohromady.,en,Together,,
zrychlím,"...natáčí, tak já to stavění zrychlím, takže je to...",en,I'll speed up,,
natáčí,"...když se to 15 minut natáčí, tak já to...",en,filming,,
natáčel,...jsem to místo 15 minut natáčel asi hodinu.,en,filmed,,
postavené,"...to celé lego měl postavené, takže jsem ho musel...",en,built,,
šířku,...to potřebuju vlastně na šířku a já jsem to...,en,width,,
výšku,...vzhůru nohama a na výšku.,en,"altitude, height",,
nohama,...ten telefon natočil vzhůru nohama a na výšku.,en,"feet, legs",,
vzhůru,...to ten telefon natočil vzhůru nohama a na výšku.,en,up; awake,,
natočil,...že to ten telefon natočil vzhůru nohama a na...,en,made,,
nepovede,...se to video třeba nepovede.,en,does not succeed,,
rozložíš,Že to pak rozložíš a postavíš znova?,en,you will unfold,,
stavíš,"...drahé, takové modely, nebo…stavíš je třeba víckrát?",en,you're building,,
víckrát,...nebo…stavíš je třeba víckrát?,en,several times,,
postavit,...jak se to má postavit.,en,construct,,
vypadat,"...ukázka, jak to má vypadat, jak se to má...",en,"appear, seem",,
prostě,"...to, že jsem to prostě… pod telefonem, pod kamerou...",en,just,,
ukázka,"...to bylo – byla taková ukázka, jak to má vypadat...",en,exhibition,,
stavěl,...na tom videu přímo stavěl ten model.,en,built,,
ukazoval,"...pod kamerou stavěl…a ukazoval, co to umí.",en,showed,,
sestavovat,To budeš tam sestavovat nebo….,en,assemble,,
nima,"...ještě motor, který s nima točí nebo zatáčí.",en,them,,
krabice,"Normálně se koupí krabice lega, kde to přímo...",en,box,,
sestaví,Podle návodu se to sestaví a pak se s...,en,"assemble, put together",,
návodu,Podle návodu se to sestaví a...,en,Instructions,,
postavíš,"...jako lego, které si postavíš.",en,"stand, put up",,
zatáčí,...s nima točí nebo zatáčí.,en,turns,,
točí,"...motor, který s nima točí nebo zatáčí.",en,"revolves, turns",,
kolečka,...tom jsou normální ozubený kolečka a navíc je tam...,en,"castors, little wheel, little wheels",,
ozubený,...v tom jsou normální ozubený kolečka a navíc je...,en,toothed,,
postaví,"...že …to se normálně postaví to auto, v tom...",en,builds,,
vyjede,"...a takhle, co všechno vyjede.",en,"drive / ride out of sth 
leave sth 
pull out 
pull / draw out 
go up",,
dojet,"...auto, jakože jak dokáže dojet a takhle, co všechno...",en,come,,
dokáže,"...lego auto, jakože jak dokáže dojet a takhle, co...",en,"established, demonstrated, managed, proved",,
vlastně,"Jo, začal jsem natáčet vlastně stavění lega a takové...",en,actually,,
teďka,"No, jakože třeba teďka budu i natáčet, co...",en,now on,,
zvládne,"...i natáčet, co všechno zvládne takové elektrické lego auto...",en,"handle, master",,
no,"No, jakože třeba teďka budu...",en,Well,,
jakože,"No, jakože třeba teďka budu i...",en,truly as,,
podobnosti,...lega a takové různé podobnosti.,en,similarities,,
stavění,...začal jsem natáčet vlastně stavění lega a takové různé...,en,Construction,,
natáčet,"Jo, začal jsem natáčet vlastně stavění lega a...",en,"shoot film, make film",,
rozhodl,"...takovou novinku, že ses rozhodl začít dělat videa na...",en,Decided,,
udělal,"Děkuju, že sis udělal na mě dneska čas.",en,did,,
užij,Užij si dnešní rozhovor!,en,enjoy,,
tvorbu,Odkaz na jeho tvorbu najdeš dole pod audiem.,en,"creation, formation",,
odkaz,Odkaz na jeho tvorbu najdeš...,en,link,,
hlavně,"...ráda učí děti, ale hlavně pokročilé dospělé.",en,mainly,,
pokročilé,"...učí děti, ale hlavně pokročilé dospělé.",en,advanced,,
báječná,...pro tebe má taky báječná lektorka Petra.,en,wonderful,,
října,"...ti chci říct, že 28. října začínají netradiční kurzy pro...",en,October,,
podívej,Podívej se na www.slowczech...,en,Look,,
navštiv,Navštiv nás na www. linguist.…,en,Visit,,
nezávislí,"…lidé jsou pak více nezávislí, samostatní a více úspěšní.",en,independent,,
jakéhokoliv,"Každý"" opravdový"" student jakéhokoliv cizího jazyka by měl…",en,"any kind of, whatever, whichever",,
opravdový,"Každý"" opravdový"" student jakéhokoliv cizího jazyka…",en,"real, genuine, actual",,
sebenaplnění,…vlastní cestou k vlastnímu sebenaplnění.,en,self-fulfillment,,
nemocem,"…nebude vzdorovat větru a nemocem lépe než ty ostatní""…",en,diseases,,
lépe,"…vzdorovat větru a nemocem lépe než ty ostatní"" normální""…",en,better,,
vzdorovat,Tento druh stromu nebude vzdorovat větru a nemocem lépe…,en,defy,,
druh,Tento druh stromu nebude vzdorovat větru…,en,type,,
stáří,…jinými druhy stromů různého stáří.,en,"age 
(old) age , years",,
různého,…mnoha jinými druhy stromů různého stáří.,en,different,,
druhy,…společně s mnoha jinými druhy stromů různého stáří.,en,kinds of/types of,,
vypadají,"…jsou téměř rovné a vypadají všechny téměř stejně, tento…",en,"they seem, appear, look",,
téměř,…v dřevařském průmyslu jsou téměř rovné a vypadají všechny…,en,"almost, nearly",,
rovné,…dřevařském průmyslu jsou téměř rovné a vypadají všechny téměř…,en,"straight, smooth, even",,
zatímce,Zatímce stromy v dřevařském průmyslu…,en,while (zatímco),,
prostředí,…věku adaptováním se do prostředí.,en,"environment, setting, milieu",,
přirozená,"…výrobky, jejichž rysem je přirozená krása a individualita.",en,natural,,
rysem,"…vysoce kvalitní výrobky, jejichž rysem je přirozená krása a…",en,feature,,
jejichž,"…vytvořit vysoce kvalitní výrobky, jejichž rysem je přirozená krása…",en,whose,,
výrobky,"…může vytvořit vysoce kvalitní výrobky, jejichž rysem je přirozená…",en,products,,
kvalitní,"…ale může vytvořit vysoce kvalitní výrobky, jejichž rysem je…",en,quality,,
vysoce,"…produktů, ale může vytvořit vysoce kvalitní výrobky, jejichž rysem…",en,"highly, greatly",,
vytvořit,"…dřevěných produktů, ale může vytvořit vysoce kvalitní výrobky, jejichž…",en,create,,
dřevařském,"Jelikož jsem pracoval ve dřevařském průmyslu, vím tak, že…",en,"timber, lumber",,
jelikož,Jelikož jsem pracoval ve dřevařském…,en,"As, since, because",,
důvodů,…mi líbí z mnoha důvodů.,en,reasons,,
příběh,Jeho slavný příběh o pokřiveném stromě se…,en,story,,
přirozenosti,…neměli bránit jejich vlastní přirozenosti.,en,nature,,
snadnost,"…jejich vlastního potenciálu přes snadnost, tím že by se…",en,ease,,
povzbuzoval,Povzbuzoval lidi k dosažení jejich…,en,encouraged,,
rustikální,…větví a obdivoval jeho rustikální charakter.,en,rustic,,
obdivoval,…stínu jeho větví a obdivoval jeho rustikální charakter.,en,admired,,
stínu,…si pohodlně odpočíval ve stínu jeho větví a obdivoval…,en,shadow; shade,,
pohodlně,"…k tomu, aby si pohodlně odpočíval ve stínu jeho…",en,"comfortably, cosily",,
využít,"…stranu, ty ho můžeš využít k tomu, aby si…",en,"to exploit, take advantage of",,
stranu,"…řezivo, ale na druhou stranu, ty ho můžeš využít…",en,side,,
řezivo,"…je možná nevhodný jako řezivo, ale na druhou stranu,…",en,"timber, lumber, cut timber, cut lumber",,
zpracování,…jako užitkové dřevo ke zpracování- stejně tak jako tvoje…,en,treatment,,
pokřivý,"…starý strom je tak pokřivý a sukovitý, že se…",en,distorts,,
sukovitý,"…je tak pokřivý a sukovitý, že se nedá použít…",en,"gnarly, knotty",,
strom,Jedna: Zhuangziho křivý strom,en,tree,,
křivý,Jedna: Zhuangziho křivý strom,en,crooked,,
překonala,"…Guinnessovy knihy rekordů, když překonala předchozí záznam o pouhých…",en,"Surpassed, overcome",,
minulosti,Země navíc už v minulosti držela světový rekord ve…,en,past,,
navíc,Země navíc už v minulosti držela…,en,moreover,,
země,Země navíc už v minulosti…,en,country,,
nejprodávanější,"…nesmírně populární, jde o nejprodávanější hračku v zemi.",en,best sellers,,
nesmírně,"V Koreji je stavebnice nesmírně populární, jde o nejprodávanější…",en,"immensely, enormously, extremely",,
stavebnice,"V Koreji je stavebnice nesmírně populární, jde o…",en,"construction set / toy / kit , building set",,
připojil,Poslední dílek stavby připojil dánský korunní princ Frederik.,en,joined,,
dílek,Poslední dílek stavby připojil dánský korunní…,en,segment,,
soutěžích,…tisíce dětí vybraných v soutěžích po celé zemi.,en,competitions,,
účastnily,Celkem se stavby účastnily čtyři tisíce dětí vybraných…,en,participated,,
stavby,Celkem se stavby účastnily čtyři tisíce dětí…,en,"construction, constructions",,
pouhých,…překonala předchozí záznam o pouhých 30 centimetrů.,en,only,,
záznam,"…rekordů, když překonala předchozí záznam o pouhých 30 centimetrů.",en,"record, recording, files, notes",,
předchozí,"…knihy rekordů, když překonala předchozí záznam o pouhých 30…",en,previous,,
dějištěm,"…přímo před olympijským stadionem, dějištěm olympijských her v roce1988.",en,venue,,
přímo,"Věž stojí přímo před olympijským stadionem, dějištěm…",en,directly / straight,,
stojí,"Věž stojí přímo před olympijským stadionem,…",en,"stand, cost",,
druhu,…se stala nejvyšší svého druhu na světě.,en,"kind, type",,
stavba,"…trvala v korejském Soulu stavba věže z lega, která…",en,"construction, structure, erection",,
věže,…překonali rekord ve výšce věže z lega,en,towers,,
výšce,…Korejci překonali rekord ve výšce věže z lega,en,"height, altitude",,
překonali,"13.05.2012, Korejci překonali rekord ve výšce věže…",en,overcome,,
přestože,Přestože Obama nezvítězil zatím ve…,en,although; notwithstanding; even though,,
jist,"…aby si mohl být jist, že letos bude kandidátem…",en,sure,,
drtivě,"…ve všech primárkách zcela drtivě, má již v tuto…",en,landslide,,
nezvítězil,Přestože Obama nezvítězil zatím ve všech primárkách…,en,not win,,
výhrůžek,"…na17,5 roku za posílání výhrůžek univerzitě Nového Mexika, ve…",en,threats,,
ovšem,"Zdá se ovšem, že hlasy pro Judda…",en,"of course, certainly, naturally",,
zřejmě,"…1996, ale letos dosáhl zřejmě největšího úspěchu.",en,apparently,,
odsouzen,"…roku 1999, kdy byl odsouzen na17,5 roku za posílání…",en,"condemned, sentenced, convicted",,
překvapivě,"…prezident Barack Obama, ale překvapivě mnoho hlasů–40,6%– získal druhý…",en,surprisingly,,
současný,"…očekávání a s59,4% hlasů současný americký prezident Barack Obama,…",en,"present, contemporary",,
zvítězil,"…amerických v Západní Virginii zvítězil podle očekávání a s59,4%…",en,won,,
získal,…demokratů v Západní Virginii získal 41% vězeň,en,acquired,,
primárkách,"12.05.2012, V primárkách demokratů v Západní Virginii…",en,primaries,,
